PRO Online Specific Article Details,,,,,,,,,, Drive Link,Image 1,Image 2,Image3,Image4,,,,,,,,,,,
Sr No,Brand,Name Of Product,MRP,Selling price ,Category,GST,size ,Product Description,How to Use,,,,,,,,,,,,,,,,
1.0,Pro,Pro Accessories Application Brush Dark,199.0,195.02,Accessories ,0.18,,Word Doc shared,Word Doc shared,https://drive.google.com/drive/folders/1mcJiizV9nMG1aOBkk0HwPyTruYhvRlD1, Application Brush Dark1, Application Brush Dark2,,,,,,,,,,,,,
2.0,Pro,Pro Accessories Application Brush Light,199.0,195.02,Accessories ,0.18,,Word Doc shared,Word Doc shared,,Application Brush Light1,Application Brush Light2,,,,,,,,,,,,,
3.0,Pro,Pro Accessories Gloss Brush Dark,399.0,391.02,Accessories ,0.18,,Word Doc shared,Word Doc shared,,Gloss Brush Dark1,Gloss Brush Dark2,,,,,,,,,,,,,
4.0,Pro,Pro Accessories Gloss Brush Light,399.0,391.02,Accessories ,0.18,,Word Doc shared,Word Doc shared,,Gloss Brush Light1,Gloss Brush Light2,,,,,,,,,,,,,
5.0,Pro,Pro Accessories Horse Hair Brush Dark,575.0,563.5,Accessories ,0.18,,Word Doc shared,Word Doc shared,,Horse Hair Brush Dark1,Horse Hair Brush Dark2,,,,,,,,,,,,,
6.0,Pro,Pro Accessories Horse Hair Brush Light,575.0,563.5,Accessories ,0.18,,Word Doc shared,Word Doc shared,,Horse Hair Brush Light1,Horse Hair Brush Light 2,,,,,,,,,,,,,
7.0,Pro,Pro Accessories Suede Brush Rubber Black,250.0,245.0,Accessories ,0.18,,Word Doc shared,Word Doc shared,,Suede Brush Rubber Black1,Suede Brush Rubber Black2,,,,,,,,,,,,,
8.0,Pro,PRO Accessories Premium Shoe Tree -37/38,3999.0,3199.2,Accessories ,0.18,37/38,Word Doc shared,Word Doc shared,,Premium Shoe Tree 1,Premium Shoe Tree 2,,,,,,,,,,,,,
9.0,Pro,PRO Accessories Premium Shoe Tree -39/40,3999.0,3199.2,Accessories ,0.18,39/40,Word Doc shared,Word Doc shared,,Premium Shoe Tree 1,Premium Shoe Tree 2,,,,,,,,,,,,,
10.0,Pro,PRO Accessories Premium Shoe Tree -40/41,3999.0,3199.2,Accessories ,0.18,40/41,Word Doc shared,Word Doc shared,,Premium Shoe Tree 1,Premium Shoe Tree 2,,,,,,,,,,,,,
11.0,Pro,PRO Accessories Premium Shoe Tree -41/42,3999.0,3199.2,Accessories ,0.18,41/42,Word Doc shared,Word Doc shared,,Premium Shoe Tree 1,Premium Shoe Tree 2,,,,,,,,,,,,,
12.0,Pro,PRO Accessories Premium Shoe Tree-43/44,3999.0,3199.2,Accessories ,0.18,43/44,Word Doc shared,Word Doc shared,,Premium Shoe Tree 1,Premium Shoe Tree 2,,,,,,,,,,,,,
13.0,Pro,PRO Accessories Men Shoe Tree With Spiral 39/40,899.0,699.0,Accessories ,0.18,39-40,Word Doc shared,Word Doc shared,,Shoe Tree With Spiral,Shoe Tree With Spiral 2,,,,,,,,,,,,,
14.0,Pro,PRO Accessories Men Shoe Tree With Spiral 41/42,899.0,699.0,Accessories ,0.18,41-42,Word Doc shared,Word Doc shared,,Shoe Tree With Spiral,Shoe Tree With Spiral 2,,,,,,,,,,,,,
15.0,Pro,PRO Accessories Men Shoe Tree With Spiral 43/44,899.0,699.0,Accessories ,0.18,43-44,Word Doc shared,Word Doc shared,,Shoe Tree With Spiral,Shoe Tree With Spiral 2,,,,,,,,,,,,,
16.0,Pro,Pro Clean Nubuck 2 in 1 Neutral,325.0,318.5,Shoecare,0.18,,Word Doc shared,Word Doc shared,,Nubuck 2 in 1 Neutral 1,Nubuck 2 in 1 Neutral2,,,,,,,,,,,,,
17.0,Pro,Pro Clean Perfect Clean Gel 50ml Neutral,249.0,244.02,Shoecare,0.18,50ml,Word Doc shared,Word Doc shared,,Perfect Clean Gel 50ml Neutral 1,Perfect Clean Gel 50ml Neutral 2,,,,,,,,,,,,,
18.0,Pro,PRO Care Suede N Nubuck Spray 180 ml-Neutral,549.0,538.02,Shoecare,0.18,180ML,Word Doc shared,Word Doc shared,,Suede N Nubuck Spray 180 ml-Neutral 1,Suede N Nubuck Spray 180 ml-Neutral 2,,,,,,,,,,,,,
19.0,Pro,PRO Care Hydroshield 180 ml-Neutral,599.0,587.02,Shoecare,0.18,180ML,Word Doc shared,Word Doc shared,,Hydroshield 180 ml-Neutral 1,Hydroshield 180 ml-Neutral 2,,,,,,,,,,,,,
