Online Specific Article Details_PRO,,,,,,,,,, Drive Link,Image 1,Image 2,Image3,Image4,,,,,,,,,,,
Sr No,Brand,Name Of Product,MRP,Selling price ,Category,GST,size ,Product Description,How to Use,,,,,,,,,,,,,,,,
1.0,Pro,Shoe Horn Metal 52 Cm,649.0,599.0,Accessories ,0.18,52Cm,,,,,,,,,,,,,,,,,,
2.0,Pro,PRO Insoles Ease Memory Foam Size 39,699.0,685.02,Insole,0.18,39.0,Word Doc shared,Word Doc shared,,,,,,,,,,,,,,,,
3.0,Pro,PRO Insoles Ease Memory Foam Size 40,699.0,685.02,Insole,0.18,40.0,Word Doc shared,Word Doc shared,,,,,,,,,,,,,,,,
4.0,Pro,PRO Insoles Ease Memory Foam Size 41,699.0,685.02,Insole,0.18,41.0,Word Doc shared,Word Doc shared,,,,,,,,,,,,,,,,
5.0,Pro,PRO Insoles Ease Memory Foam Size 42,699.0,685.02,Insole,0.18,42.0,Word Doc shared,Word Doc shared,,,,,,,,,,,,,,,,
6.0,Pro,PRO Insoles Ease Memory Foam Size 43,699.0,685.02,Insole,0.18,43.0,Word Doc shared,Word Doc shared,,,,,,,,,,,,,,,,
7.0,Pro,PRO Insoles Ease Memory Foam Size 44,699.0,685.02,Insole,0.18,44.0,Word Doc shared,Word Doc shared,,,,,,,,,,,,,,,,
8.0,Pro,PRO Insoles Ease Soft Comfort Size 36-46,225.0,220.5,Insole,0.18,36-46,Word Doc shared,Word Doc shared,,,,,,,,,,,,,,,,
9.0,Pro,PRO Insoles Gel Comfort Foot Bed Size Large,549.0,538.02,Insole,0.18,L,Word Doc shared,Word Doc shared,,,,,,,,,,,,,,,,
10.0,Pro,PRO Insoles Gel Comfort Foot Bed Size Small,549.0,538.02,Insole,0.18,S,Word Doc shared,Word Doc shared,,,,,,,,,,,,,,,,
11.0,Pro,PRO Insoles Gel Comfort Air walk Size Large,649.0,636.02,Insole,0.18,L,Word Doc shared,Word Doc shared,,,,,,,,,,,,,,,,
12.0,Pro,PRO Insoles Gel Comfort Air walk Size Small,649.0,636.02,Insole,0.18,S,Word Doc shared,Word Doc shared,,,,,,,,,,,,,,,,
13.0,Pro,PRO insoles Gel Comfort Heel Pad Size Large,249.0,244.02,Insole,0.18,L,,,,,,,,,,,,,,,,,,
14.0,Pro,PRO insoles Gel Comfort Heel Pad Size Small,249.0,244.02,Insole,0.18,S,,,,,,,,,,,,,,,,,,
15.0,Pro,PRO Insoles Ease Aloe Vera Size 36-46,299.0,,Insole,0.18,,,,,,,,,,,,,,,,,,,
16.0,Pro,PRO Insoles Active Cricket Size 35-36,995.0,,Insole,0.18,,,,,,,,,,,,,,,,,,,
17.0,Pro,PRO Insoles Active Cricket Size 37-38,995.0,,Insole,0.18,,,,,,,,,,,,,,,,,,,
18.0,Pro,PRO Insoles Active Cricket Size 39-40,995.0,,Insole,0.18,,,,,,,,,,,,,,,,,,,
19.0,Pro,PRO Insoles Active Cricket Size 41-42,995.0,,Insole,0.18,,,,,,,,,,,,,,,,,,,
20.0,Pro,PRO Insoles Active Cricket Size 43-44,995.0,,Insole,0.18,,,,,,,,,,,,,,,,,,,
21.0,Pro,PRO Insoles Active Cricket Size 45-46,995.0,,Insole,0.18,,,,,,,,,,,,,,,,,,,
22.0,Pro,PRO Insoles Active Cycling Size 35-38,995.0,,Insole,0.18,,,,,,,,,,,,,,,,,,,
23.0,Pro,PRO Insoles Active Cycling Size 39- 42,995.0,,Insole,0.18,,,,,,,,,,,,,,,,,,,
24.0,Pro,PRO Insoles Active Cycling Size 43-46,995.0,,Insole,0.18,,,,,,,,,,,,,,,,,,,
25.0,Pro,PRO Insoles Active Running  Size 43-46,995.0,,Insole,0.18,,,,,,,,,,,,,,,,,,,
26.0,Pro,PRO Insoles Active Running Size 35-38,995.0,,Insole,0.18,,,,,,,,,,,,,,,,,,,
27.0,Pro,PRO Insoles Active Running Size 39-42,995.0,,Insole,0.18,,,,,,,,,,,,,,,,,,,
28.0,Pro,PRO Insole Ease Heel Liner,149.0,,Insole,0.18,HeelLiner,,,,,,,,,,,,,,,,,,
29.0,Pro,Pro Essentials Brush & Pumice Combo Turqouise,349.0,,Essentials,0.18,Combo-Turqouise,,,,,,,,,,,,,,,,,,
30.0,Pro,Pro Essentials Double sided Foot File Pink,199.0,,Essentials,0.18,,,,,,,,,,,,,,,,,,,
31.0,Pro,Pro Essentials Double sided Foot File Purple,199.0,,Essentials,0.18,,,,,,,,,,,,,,,,,,,
32.0,Pro,Pro Essentials Dual Action Foot File Turqouise,349.0,,Essentials,0.18,,,,,,,,,,,,,,,,,,,
33.0,Pro,PRO Essentials Magic Pedi Roller Pack Black,399.0,,Essentials,0.18,Pack-Black,,,,,,,,,,,,,,,,,,
34.0,Pro,PRO Essentials Magic Pedi Roller ,2249.0,,Essentials,0.18,PediRoller,,,,,,,,,,,,,,,,,,
35.0,Pro,Pro Essentials Nail File Turqouise,249.0,,Essentials,0.18,FileTurqouise,,,,,,,,,,,,,,,,,,
36.0,Pro,Pro Essentials Nail Buffer Turqouise,199.0,,Essentials,0.18,BufferTurqouise,,,,,,,,,,,,,,,,,,
37.0,Pro,Pro Essentials Nail Clipper Turqouise,299.0,,Essentials,0.18,ClipperTurqouise,,,,,,,,,,,,,,,,,,
38.0,Pro,Pro Essentials Smooth Feet Pumice Turqouise,225.0,,Essentials,0.18,Pumice-Turqouise,,,,,,,,,,,,,,,,,,
39.0,Pro,Pro Color Naivy White 75ml White,275.0,,Shoe care,0.18,75-75ml White,,,,,,,,,,,,,,,,,,
40.0,Pro,PRO Premium  Sneaker Care Kit,1199.0,,Shoe care,0.18,CareKit,,,,,,,,,,,,,,,,,,
41.0,Pro,PRO Clean Easy Care Combo Pack  Neutral,349.0,,Shoe care,0.18,Pack-Neutral,,,,,,,,,,,,,,,,,,
