Product Title,Product URL,Variants Count,Missing Image,Missing MRP,Missing Specifications,Missing How to Use,Missing Key Benefits,Missing Suitable For,Missing Custom Badges
PRO GOLD SPORTS & SNEAKER CLEANING KIT,https://shop.mvshoecare.com/products/pro-gold-sports-sneaker-cleaning-kit,1,Yes,No,Yes,No,Yes,Yes,No
PRO Premium Shoe Tree,https://shop.mvshoecare.com/products/pro-premium-shoe-tree,5,No,No,No,No,No,Yes,No
PRO Accessories Men Shoe Tree With Spiral,https://shop.mvshoecare.com/products/pro-accessories-men-shoe-tree-with-spiral,3,No,No,Yes,No,Yes,Yes,No
Pro Clean Perfect Clean Gel 50ml Neutral,https://shop.mvshoecare.com/products/pro-clean-perfect-clean-gel-50ml-neutral,1,No,No,Yes,No,Yes,Yes,No
Shoe Horn Metal 52 Cm,https://shop.mvshoecare.com/products/shoe-horn-metal-52-cm,1,Yes,No,Yes,Yes,Yes,Yes,No
PRO Insoles Ease Memory Foam,https://shop.mvshoecare.com/products/pro-insoles-ease-memory-foam,6,Yes,No,No,No,No,No,No
PRO Insoles Ease Soft,https://shop.mvshoecare.com/products/pro-insoles-ease-soft,1,Yes,No,No,No,No,No,No
PRO Comfort Gel Insoles,https://shop.mvshoecare.com/products/pro-comfort-gel-insoles,2,Yes,No,No,No,No,No,No
PRO Comfort Air Walk Gel Insoles,https://shop.mvshoecare.com/products/pro-comfort-air-walk-gel-insoles,2,Yes,No,No,No,No,No,No
PRO insoles Gel Comfort Heel Pad,https://shop.mvshoecare.com/products/pro-insoles-gel-comfort-heel-pad,2,Yes,No,Yes,Yes,Yes,Yes,No
PRO Insoles Ease Aloe Vera,https://shop.mvshoecare.com/products/pro-insoles-ease-aloe-vera,1,Yes,No,Yes,Yes,Yes,Yes,No
PRO Insoles Active Cricket,https://shop.mvshoecare.com/products/pro-insoles-active-cricket,6,Yes,No,Yes,Yes,Yes,Yes,No
PRO Insoles Active Cycling,https://shop.mvshoecare.com/products/pro-insoles-active-cycling,3,Yes,No,Yes,Yes,Yes,Yes,No
PRO Insoles Active Running,https://shop.mvshoecare.com/products/pro-insoles-active-running,3,Yes,No,Yes,Yes,Yes,Yes,No
PRO Insole Ease Heel Liner,https://shop.mvshoecare.com/products/pro-insole-ease-heel-liner,1,Yes,No,Yes,Yes,Yes,Yes,No
Pro Essentials Brush & Pumice Combo Turqouise,https://shop.mvshoecare.com/products/pro-essentials-brush-pumice-combo-turqouise,1,Yes,No,Yes,Yes,Yes,Yes,No
Pro Essentials Double sided Foot File Pink,https://shop.mvshoecare.com/products/pro-essentials-double-sided-foot-file-pink,1,Yes,No,Yes,Yes,Yes,Yes,No
Pro Essentials Double sided Foot File Purple,https://shop.mvshoecare.com/products/pro-essentials-double-sided-foot-file-purple,1,Yes,No,Yes,Yes,Yes,Yes,No
Pro Essentials Dual Action Foot File Turqouise,https://shop.mvshoecare.com/products/pro-essentials-dual-action-foot-file-turqouise,1,Yes,No,Yes,Yes,Yes,Yes,No
PRO Essentials Magic Pedi Roller Pack Black,https://shop.mvshoecare.com/products/pro-essentials-magic-pedi-roller-pack-black,1,Yes,No,Yes,Yes,Yes,Yes,No
PRO Essentials Magic Pedi Roller,https://shop.mvshoecare.com/products/pro-essentials-magic-pedi-roller,1,Yes,No,Yes,Yes,Yes,Yes,No
Pro Essentials Nail File Turqouise,https://shop.mvshoecare.com/products/pro-essentials-nail-file-turqouise,1,Yes,No,Yes,Yes,Yes,Yes,No
Pro Essentials Nail Buffer Turqouise,https://shop.mvshoecare.com/products/pro-essentials-nail-buffer-turqouise,1,Yes,No,Yes,Yes,Yes,Yes,No
Pro Essentials Nail Clipper Turqouise,https://shop.mvshoecare.com/products/pro-essentials-nail-clipper-turqouise,1,Yes,No,Yes,Yes,Yes,Yes,No
Pro Essentials Smooth Feet Pumice Turqouise,https://shop.mvshoecare.com/products/pro-essentials-smooth-feet-pumice-turqouise,1,Yes,No,Yes,Yes,Yes,Yes,No
Pro Color Naivy White 75ml White,https://shop.mvshoecare.com/products/pro-color-naivy-white-75ml-white,1,Yes,No,Yes,Yes,Yes,Yes,No
PRO Premium Sneaker Care Kit,https://shop.mvshoecare.com/products/pro-premium-sneaker-care-kit,1,Yes,No,Yes,Yes,Yes,Yes,No
PRO Clean Easy Care Combo Pack Neutral,https://shop.mvshoecare.com/products/pro-clean-easy-care-combo-pack-neutral,1,Yes,No,Yes,Yes,Yes,Yes,No
